{
  "LanitChatBot.en-us": {
    "rootDialog": true,
    "triggers": {
      "KobaltInfo": [
        "ProductKobalt.en-us"
      ],
      "AvroraInfo": [
        "ProductAvrora.en-us"
      ],
      "LogosInfo": [
        "ProductLogos.en-us"
      ],
      "AsterInfo": [
        "ProductAster.en-us"
      ],
      "CompanyAbout": "",
      "CompanyOffice": "",
      "CompanyTime": "",
      "CompanySite": "",
      "CompanySupport": "",
      "CompanyCareer": "",
      "CompanyActivities": "",
      "CompanyEvents": "",
      "Start": ""
    }
  },
  "ProductAster.en-us": {
    "rootDialog": false,
    "triggers": {
      "Info": "",
      "": [
        "LanitChatBot.en-us"
      ],
      "Functions": "",
      "Price": "",
      "Buy": "",
      "Trial": "",
      "Docs": "",
      "Site": "",
      "Benefits": "",
      "License": "",
      "OS": "",
      "HowItWorks": "",
      "Registry": ""
    }
  },
  "ProductAvrora.en-us": {
    "rootDialog": false,
    "triggers": {
      "Info": "",
      "": [
        "LanitChatBot.en-us"
      ],
      "Functions": "",
      "Price": "",
      "Buy": "",
      "Trial": "",
      "Docs": "",
      "Site": "",
      "Benefits": "",
      "License": "",
      "OS": "",
      "HowItWorks": "",
      "Registry": ""
    }
  },
  "ProductKobalt.en-us": {
    "rootDialog": false,
    "triggers": {
      "Info": "",
      "": [
        "LanitChatBot.en-us"
      ],
      "Functions": "",
      "Price": "",
      "Buy": "",
      "Trial": "",
      "Docs": "",
      "Site": "",
      "Benefits": "",
      "License": "",
      "OS": "",
      "Registry": "",
      "HowItWorks": ""
    }
  },
  "ProductLogos.en-us": {
    "rootDialog": false,
    "triggers": {
      "Info": "",
      "": [
        "LanitChatBot.en-us"
      ],
      "Functions": "",
      "Price": "",
      "Buy": "",
      "Trial": "",
      "Docs": "",
      "Site": "",
      "Benefits": "",
      "License": "",
      "OS": "",
      "Registry": "",
      "Cources": "",
      "DataFormats": "",
      "HowItWorks": ""
    }
  }
}
