{
    "luis": {
        "ProductAvrora_en_us_lu": {
            "appId": "a4716138-6343-4c75-9904-dcae790a3766"
        },
        "ProductKobalt_en_us_lu": {
            "appId": "8f42b351-97a9-45ec-949c-43b464daf738"
        },
        "ProductAster_en_us_lu": {
            "appId": "3cf18e61-775f-4c00-bcd6-5417b6998271"
        },
        "ProductLogos_en_us_lu": {
            "appId": "f1be168d-84b8-40b7-9af5-22e4b43a092e"
        },
        "LanitChatBot_en_us_lu": {
            "appId": "8c650321-1426-415b-8410-5564c833004d"
        }
    }
}